Name,Year,Price,MSRP,Mileage,Engine,Power,Seats,Depreciation,Car_Age,Fuel_Type_Diesel,Fuel_Type_Electric,Fuel_Type_Petrol,Transmission_Automatic,Transmission_Manual
Maruti Dzire LDI,2018,5.9,7.91,28.4,1248.0,73.75,5.0,2.01,7,1,0,0,0,1
Maruti Dzire LDI,2017,6.0,7.91,28.4,1248.0,73.75,5.0,1.9100000000000001,8,1,0,0,0,1
Maruti Swift LDI,2015,5.15,7.01,28.4,1248.0,74.0,5.0,1.8599999999999994,10,1,0,0,0,1
Maruti Dzire AMT ZDI Plus,2018,8.55,10.7,28.4,1248.0,73.75,5.0,2.1499999999999986,7,1,0,0,1,0
Maruti Dzire AMT VDI,2018,8.37,9.62,28.4,1248.0,73.75,5.0,1.25,7,1,0,0,1,0
Maruti Dzire ZDI Plus,2017,8.2,10.48,28.4,1248.0,73.75,5.0,2.280000000000001,8,1,0,0,0,1
Maruti Swift LDI,2016,5.95,7.27,28.4,1248.0,74.0,5.0,1.3199999999999994,9,1,0,0,0,1
Maruti Dzire VDI,2015,5.25,8.36,28.4,1248.0,73.75,5.0,3.1099999999999994,10,1,0,0,0,1
Maruti Swift VDI,2016,5.22,7.88,28.4,1248.0,74.0,5.0,2.66,9,1,0,0,0,1
Maruti Swift VDI,2015,5.36,7.88,28.4,1248.0,74.0,5.0,2.5199999999999996,10,1,0,0,0,1
Maruti Swift VDI,2015,5.1,8.13,28.4,1248.0,74.0,5.0,3.030000000000001,10,1,0,0,0,1
Maruti Dzire AMT ZDI Plus,2017,8.9,10.97,28.4,1248.0,73.75,5.0,2.0700000000000003,8,1,0,0,1,0
Maruti Dzire VDI,2017,6.67,8.58,28.4,1248.0,73.75,5.0,1.9100000000000001,8,1,0,0,0,1
Maruti Dzire AMT ZDI Plus,2017,9.15,11.52,28.4,1248.0,73.75,5.0,2.369999999999999,8,1,0,0,1,0
Maruti Dzire AMT ZDI Plus,2017,9.0,11.26,28.4,1248.0,73.75,5.0,2.26,8,1,0,0,1,0
Maruti Swift LDI,2015,5.25,7.13,28.4,1248.0,74.0,5.0,1.88,10,1,0,0,0,1
Maruti Swift VDI,2017,6.24,7.92,28.4,1248.0,74.0,5.0,1.6799999999999997,8,1,0,0,0,1
Maruti Dzire VDI,2016,5.75,8.58,28.4,1248.0,73.75,5.0,2.83,9,1,0,0,0,1
Honda Amaze VX Diesel,2018,8.5,10.34,27.4,1498.0,98.6,5.0,1.8399999999999999,7,1,0,0,0,1
Honda Amaze S Diesel,2015,5.99,9.09,27.4,1498.0,98.6,5.0,3.0999999999999996,10,1,0,0,0,1
Maruti Baleno Alpha Diesel,2017,8.4,10.63,27.39,1248.0,74.0,5.0,2.2300000000000004,8,1,0,0,0,1
Maruti Baleno Alpha Diesel,2016,6.5,9.53,27.39,1248.0,74.0,5.0,3.0299999999999994,9,1,0,0,0,1
Maruti Baleno Alpha Diesel,2018,8.7,10.28,27.39,1248.0,74.0,5.0,1.58,7,1,0,0,0,1
Honda Jazz VX Diesel,2016,7.4,10.81,27.3,1498.0,98.6,5.0,3.41,9,1,0,0,0,1
Honda Jazz VX Diesel,2016,6.21,11.15,27.3,1498.0,98.6,5.0,4.94,9,1,0,0,0,1
Honda Jazz VX Diesel,2017,8.4,11.05,27.3,1498.0,98.6,5.0,2.6500000000000004,8,1,0,0,0,1
Volvo S60 D4 Momentum,2015,25.0,45.67,27.03,1969.0,190.0,5.0,20.67,10,1,0,0,1,0
Ford Aspire Titanium Diesel,2017,6.0,8.91,26.1,1498.0,99.0,5.0,2.91,8,1,0,0,0,1
Ford Aspire Titanium Diesel,2017,7.29,9.79,26.1,1498.0,99.0,5.0,2.499999999999999,8,1,0,0,0,1
Ford Aspire Ambiente Diesel,2018,5.65,7.56,26.1,1498.0,99.0,5.0,1.9099999999999993,7,1,0,0,0,1
Ford Aspire Titanium Plus Diesel,2015,8.41,9.4,26.1,1498.0,99.0,5.0,0.9900000000000002,10,1,0,0,0,1
Honda City i-DTEC ZX,2017,12.9,16.95,25.6,1498.0,98.6,5.0,4.049999999999999,8,1,0,0,0,1
Honda City i-DTEC SV,2015,5.49,12.23,25.6,1498.0,98.6,5.0,6.74,10,1,0,0,0,1
Honda City i-DTEC SV,2015,8.0,13.33,25.6,1498.0,98.6,5.0,5.33,10,1,0,0,0,1
Honda City i-DTEC ZX,2017,12.0,16.84,25.6,1498.0,98.6,5.0,4.84,8,1,0,0,0,1
Ford Figo Titanium Diesel,2015,2.5,7.65,25.5,1498.0,99.0,5.0,5.15,10,1,0,0,0,1
Maruti Ertiga ZDI,2016,8.5,12.74,25.47,1248.0,88.5,7.0,4.24,9,1,0,0,0,1
Maruti Ertiga VDI,2016,7.64,11.27,25.47,1248.0,88.5,7.0,3.63,9,1,0,0,0,1
Maruti Ertiga VDI,2018,8.49,10.83,25.47,1248.0,88.5,7.0,2.34,7,1,0,0,0,1
Maruti Ertiga ZDI Plus,2016,9.9,13.33,25.47,1248.0,88.5,7.0,3.4299999999999997,9,1,0,0,0,1
Maruti Ertiga VDI,2016,8.2,10.99,25.47,1248.0,88.5,7.0,2.790000000000001,9,1,0,0,0,1
Maruti Ertiga VDI,2017,7.65,11.16,25.47,1248.0,88.5,7.0,3.51,8,1,0,0,0,1
Maruti Ertiga VDI,2018,9.25,11.66,25.47,1248.0,88.5,7.0,2.41,7,1,0,0,0,1
Maruti Ertiga VDI,2016,7.0,11.27,25.47,1248.0,88.5,7.0,4.27,9,1,0,0,0,1
Maruti Ertiga VDI,2017,7.75,10.41,25.47,1248.0,88.5,7.0,2.66,8,1,0,0,0,1
Hyundai Xcent 1.2 CRDi S,2016,5.0,8.23,25.4,1186.0,73.97,5.0,3.2300000000000004,9,1,0,0,0,1
Hyundai Xcent 1.2 CRDi S,2017,4.2,8.23,25.4,1186.0,73.97,5.0,4.03,8,1,0,0,0,1
Hyundai Xcent 1.2 CRDi S,2018,5.9,8.56,25.4,1186.0,73.97,5.0,2.66,7,1,0,0,0,1
Hyundai Xcent 1.2 CRDi S,2016,3.5,8.84,25.4,1186.0,73.97,5.0,5.34,9,1,0,0,0,1
Renault KWID RXL,2016,2.55,3.96,25.17,799.0,53.3,5.0,1.4100000000000001,9,0,0,1,0,1
Renault KWID RXL,2018,3.4,4.45,25.17,799.0,53.3,5.0,1.0500000000000003,7,0,0,1,0,1
Renault KWID RXT Optional,2018,4.45,4.8,25.17,799.0,53.3,5.0,0.34999999999999964,7,0,0,1,0,1
Renault KWID RXT Optional,2018,4.29,4.78,25.17,799.0,53.3,5.0,0.4900000000000002,7,0,0,1,0,1
Renault KWID RXT Optional,2018,3.5,4.9,25.17,799.0,53.3,5.0,1.4000000000000004,7,0,0,1,0,1
Renault KWID RXL,2017,3.46,3.95,25.17,799.0,53.3,5.0,0.4900000000000002,8,0,0,1,0,1
Renault KWID RXT Optional,2016,2.99,4.78,25.17,799.0,53.3,5.0,1.79,9,0,0,1,0,1
Renault KWID RXT Optional,2019,5.09,4.78,25.17,799.0,53.3,5.0,-0.3099999999999996,6,0,0,1,0,1
Renault KWID RXT Optional,2017,3.7,4.78,25.17,799.0,53.3,5.0,1.08,8,0,0,1,0,1
Renault KWID RXL,2019,3.8,4.04,25.17,799.0,53.3,5.0,0.2400000000000002,6,0,0,1,0,1
Maruti S-Cross Alpha DDiS 200 SH,2016,6.99,12.53,25.1,1248.0,88.5,5.0,5.539999999999999,9,1,0,0,0,1
Maruti S-Cross Zeta DDiS 200 SH,2016,7.94,13.26,25.1,1248.0,88.5,5.0,5.319999999999999,9,1,0,0,0,1
Maruti S-Cross Delta DDiS 200 SH,2018,8.92,11.26,25.1,1248.0,88.5,5.0,2.34,7,1,0,0,0,1
Tata Tigor XE Diesel,2017,5.5,7.15,24.7,1047.0,69.0,5.0,1.6500000000000004,8,1,0,0,0,1
Maruti Vitara Brezza ZDi,2017,9.75,11.0,24.3,1248.0,88.5,5.0,1.25,8,1,0,0,0,1
Maruti Vitara Brezza ZDi Plus AMT Dual Tone,2018,11.5,12.88,24.3,1248.0,88.5,5.0,1.3800000000000008,7,1,0,0,1,0
Maruti Vitara Brezza ZDi Plus Dual Tone,2017,11.31,12.56,24.3,1248.0,88.5,5.0,1.25,8,1,0,0,0,1
Maruti Vitara Brezza ZDi Plus,2019,10.49,11.2,24.3,1248.0,88.5,5.0,0.7099999999999991,6,1,0,0,0,1
Maruti Vitara Brezza ZDi Plus Dual Tone,2016,8.25,11.75,24.3,1248.0,88.5,5.0,3.5,9,1,0,0,0,1
Maruti Vitara Brezza ZDi,2016,8.9,10.65,24.3,1248.0,88.5,5.0,1.75,9,1,0,0,0,1
Maruti Vitara Brezza ZDi,2018,10.46,11.0,24.3,1248.0,88.5,5.0,0.5399999999999991,7,1,0,0,0,1
Maruti Vitara Brezza ZDi Plus,2018,10.19,11.58,24.3,1248.0,88.5,5.0,1.3900000000000006,7,1,0,0,0,1
Maruti Vitara Brezza VDi,2016,7.43,9.93,24.3,1248.0,88.5,5.0,2.5,9,1,0,0,0,1
Maruti Vitara Brezza ZDi Plus,2018,10.15,12.47,24.3,1248.0,88.5,5.0,2.3200000000000003,7,1,0,0,0,1
Maruti Vitara Brezza ZDi Plus Dual Tone,2017,9.25,11.06,24.3,1248.0,88.5,5.0,1.8100000000000005,8,1,0,0,0,1
Maruti Vitara Brezza ZDi Plus Dual Tone,2018,11.0,12.56,24.3,1248.0,88.5,5.0,1.5600000000000005,7,1,0,0,0,1
Maruti Vitara Brezza ZDi,2016,8.0,10.14,24.3,1248.0,88.5,5.0,2.1400000000000006,9,1,0,0,0,1
Maruti Vitara Brezza ZDi Plus Dual Tone,2017,11.39,12.56,24.3,1248.0,88.5,5.0,1.17,8,1,0,0,0,1
Maruti Vitara Brezza ZDi Plus Dual Tone,2016,8.85,11.96,24.3,1248.0,88.5,5.0,3.110000000000001,9,1,0,0,0,1
Maruti Vitara Brezza ZDi Plus AMT Dual Tone,2018,11.25,12.88,24.3,1248.0,88.5,5.0,1.6300000000000008,7,1,0,0,1,0
Maruti Vitara Brezza ZDi Plus,2017,9.49,12.0,24.3,1248.0,88.5,5.0,2.51,8,1,0,0,0,1
Maruti Vitara Brezza ZDi,2016,9.3,11.02,24.3,1248.0,88.5,5.0,1.7199999999999989,9,1,0,0,0,1
Maruti Vitara Brezza LDi,2018,8.39,8.63,24.3,1248.0,88.5,5.0,0.2400000000000002,7,1,0,0,0,1
Maruti Vitara Brezza VDi,2017,6.5,9.46,24.3,1248.0,88.5,5.0,2.960000000000001,8,1,0,0,0,1
Maruti Vitara Brezza ZDi,2017,9.05,9.89,24.3,1248.0,88.5,5.0,0.8399999999999999,8,1,0,0,0,1
Maruti Vitara Brezza ZDi,2017,9.88,11.0,24.3,1248.0,88.5,5.0,1.1199999999999992,8,1,0,0,0,1
Maruti Vitara Brezza ZDi Plus Dual Tone,2016,9.0,11.98,24.3,1248.0,88.5,5.0,2.9800000000000004,9,1,0,0,0,1
Maruti Vitara Brezza ZDi Plus Dual Tone,2016,8.9,11.96,24.3,1248.0,88.5,5.0,3.0600000000000005,9,1,0,0,0,1
Maruti Vitara Brezza ZDi Plus,2018,8.63,11.12,24.3,1248.0,88.5,5.0,2.4899999999999984,7,1,0,0,0,1
Maruti Vitara Brezza ZDi Plus Dual Tone,2017,9.44,11.75,24.3,1248.0,88.5,5.0,2.3100000000000005,8,1,0,0,0,1
Maruti Vitara Brezza ZDi,2018,8.75,10.13,24.3,1248.0,88.5,5.0,1.3800000000000008,7,1,0,0,0,1
Maruti Vitara Brezza ZDi Plus Dual Tone,2017,10.34,12.56,24.3,1248.0,88.5,5.0,2.2200000000000006,8,1,0,0,0,1
Maruti Vitara Brezza ZDi Plus Dual Tone,2017,9.38,11.75,24.3,1248.0,88.5,5.0,2.369999999999999,8,1,0,0,0,1
Maruti Vitara Brezza VDi,2016,7.5,9.96,24.3,1248.0,88.5,5.0,2.460000000000001,9,1,0,0,0,1
Maruti Vitara Brezza ZDi Plus,2017,9.13,11.12,24.3,1248.0,88.5,5.0,1.9899999999999984,8,1,0,0,0,1
Maruti Vitara Brezza ZDi Plus,2017,9.0,11.47,24.3,1248.0,88.5,5.0,2.4700000000000006,8,1,0,0,0,1
Maruti Vitara Brezza LDi,2016,7.15,9.12,24.3,1248.0,88.5,5.0,1.9699999999999989,9,1,0,0,0,1
Maruti Vitara Brezza ZDi Plus,2017,8.0,10.91,24.3,1248.0,88.5,5.0,2.91,8,1,0,0,0,1
Maruti Vitara Brezza ZDi Plus Dual Tone,2017,9.51,11.29,24.3,1248.0,88.5,5.0,1.7799999999999994,8,1,0,0,0,1
Maruti Vitara Brezza LDi,2017,8.61,9.12,24.3,1248.0,88.5,5.0,0.5099999999999998,8,1,0,0,0,1
Maruti Alto K10 VXI,2016,3.5,4.53,24.07,998.0,67.1,5.0,1.0300000000000002,9,0,0,1,0,1
Maruti Alto K10 VXI,2017,3.75,4.48,24.07,998.0,67.1,5.0,0.7300000000000004,8,0,0,1,0,1
Maruti Alto K10 VXI,2017,3.25,4.82,24.07,998.0,67.1,5.0,1.5700000000000003,8,0,0,1,0,1
Maruti Alto K10 VXI,2016,3.2,4.24,24.07,998.0,67.1,5.0,1.04,9,0,0,1,0,1
Maruti Alto K10 LXI Optional,2016,3.0,4.36,24.07,998.0,67.1,5.0,1.3600000000000003,9,0,0,1,0,1
Maruti Alto K10 VXI,2016,3.0,4.24,24.07,998.0,67.1,5.0,1.2400000000000002,9,0,0,1,0,1
Maruti Alto K10 LXI,2016,3.0,3.91,24.07,998.0,67.1,5.0,0.9100000000000001,9,0,0,1,0,1
Maruti Alto K10 VXI,2015,3.69,4.09,24.07,998.0,67.1,5.0,0.3999999999999999,10,0,0,1,0,1
Maruti Alto K10 VXI,2015,3.46,4.09,24.07,998.0,67.1,5.0,0.6299999999999999,10,0,0,1,0,1
Maruti Alto K10 VXI,2018,3.6,4.33,24.07,998.0,67.1,5.0,0.73,7,0,0,1,0,1
Maruti Alto K10 VXI,2018,3.63,4.09,24.07,998.0,67.1,5.0,0.45999999999999996,7,0,0,1,0,1
Maruti Alto K10 VXI,2016,3.15,4.82,24.07,998.0,67.1,5.0,1.6700000000000004,9,0,0,1,0,1
Hyundai Grand i10 1.2 CRDi Sportz,2018,6.28,8.18,24.0,1186.0,73.97,5.0,1.8999999999999995,7,1,0,0,0,1
Hyundai Grand i10 1.2 CRDi Magna,2017,4.9,7.46,24.0,1186.0,73.97,5.0,2.5599999999999996,8,1,0,0,0,1
Hyundai Grand i10 1.2 CRDi Sportz,2017,5.92,8.17,24.0,1186.0,73.97,5.0,2.25,8,1,0,0,0,1
Hyundai Grand i10 1.2 CRDi Sportz,2018,5.95,8.28,24.0,1186.0,73.97,5.0,2.329999999999999,7,1,0,0,0,1
Hyundai Grand i10 1.2 CRDi Sportz,2015,4.25,8.18,24.0,1186.0,73.97,5.0,3.9299999999999997,10,1,0,0,0,1
Hyundai Grand i10 1.2 CRDi Asta,2015,5.43,8.68,24.0,1186.0,73.97,5.0,3.25,10,1,0,0,0,1
Tata Tiago 1.2 Revotron XT,2016,3.6,5.61,23.84,1199.0,84.0,5.0,2.0100000000000002,9,0,0,1,0,1
Tata Tiago 1.2 Revotron XZ,2019,6.94,6.59,23.84,1199.0,84.0,5.0,-0.35000000000000053,6,0,0,1,0,1
Tata Tiago AMT 1.2 Revotron XZA,2019,6.97,7.17,23.84,1199.0,83.83,5.0,0.20000000000000018,6,0,0,1,1,0
Tata Tiago 1.2 Revotron XZ WO Alloy,2017,5.0,6.29,23.84,1199.0,84.0,5.0,1.29,8,0,0,1,0,1
Tata Tiago 1.2 Revotron XM Option,2016,3.98,5.45,23.84,1199.0,84.0,5.0,1.4700000000000002,9,0,0,1,0,1
Tata Tiago 1.2 Revotron XZ,2018,5.88,6.59,23.84,1199.0,84.0,5.0,0.71,7,0,0,1,0,1
Tata Tiago 1.2 Revotron XT Option,2019,5.85,6.21,23.84,1199.0,84.0,5.0,0.3600000000000003,6,0,0,1,0,1
Tata Tiago AMT 1.2 Revotron XZA,2018,5.0,6.94,23.84,1199.0,83.83,5.0,1.9400000000000004,7,0,0,1,1,0
Tata Tiago 1.2 Revotron XT,2017,5.11,5.56,23.84,1199.0,84.0,5.0,0.4499999999999993,8,0,0,1,0,1
Tata Tiago 1.2 Revotron XZ,2017,4.8,6.42,23.84,1199.0,84.0,5.0,1.62,8,0,0,1,0,1
Toyota Etios Cross 1.4L GD,2016,6.71,8.82,23.59,1364.0,67.06,5.0,2.1100000000000003,9,1,0,0,0,1
Toyota Etios 1.4 VXD,2018,7.9,10.63,23.59,1364.0,67.04,5.0,2.7300000000000004,7,1,0,0,0,1
Toyota Platinum Etios 1.4 GXD,2015,6.0,9.58,23.59,1364.0,67.05,5.0,3.58,10,1,0,0,0,1
Maruti Celerio ZXI AMT,2017,5.25,6.56,23.1,998.0,67.04,5.0,1.3099999999999996,8,0,0,1,1,0
Maruti Celerio VXI AMT,2016,3.8,5.77,23.1,998.0,67.04,5.0,1.9699999999999998,9,0,0,1,1,0
Maruti Celerio VXI AMT,2015,3.5,6.0,23.1,998.0,67.04,5.0,2.5,10,0,0,1,1,0
Maruti Celerio LXI MT,2018,3.75,4.87,23.1,998.0,67.04,5.0,1.12,7,0,0,1,0,1
Maruti Celerio ZXI MT,2015,4.3,6.05,23.1,998.0,67.04,5.0,1.75,10,0,0,1,0,1
Maruti Celerio ZXI Optional AMT,2018,5.63,5.95,23.1,998.0,67.04,5.0,0.3200000000000003,7,0,0,1,1,0
Maruti Celerio VXI AMT,2016,3.94,6.08,23.1,998.0,67.04,5.0,2.14,9,0,0,1,1,0
Maruti Celerio ZXI MT,2017,5.11,5.69,23.1,998.0,67.04,5.0,0.5800000000000001,8,0,0,1,0,1
Maruti Celerio VXI Optional AMT,2017,5.0,6.14,23.1,998.0,67.04,5.0,1.1399999999999997,8,0,0,1,1,0
Ford Ecosport Signature Edition Diesel,2018,10.9,12.12,23.0,1498.0,98.96,5.0,1.2199999999999989,7,1,0,0,0,1
Ford Ecosport Signature Edition Diesel,2019,11.65,12.12,23.0,1498.0,98.96,5.0,0.46999999999999886,6,1,0,0,0,1
Ford EcoSport 1.5 Diesel Titanium Plus,2016,7.7,13.23,23.0,1498.0,98.96,5.0,5.53,9,1,0,0,0,1
Ford EcoSport 1.5 Diesel Titanium,2017,8.99,11.89,23.0,1498.0,98.96,5.0,2.9000000000000004,8,1,0,0,0,1
Ford EcoSport 1.5 Diesel Titanium Plus,2017,8.09,12.67,23.0,1498.0,98.96,5.0,4.58,8,1,0,0,0,1
Ford EcoSport 1.5 Diesel Trend,2017,7.69,10.42,23.0,1498.0,98.96,5.0,2.7299999999999995,8,1,0,0,0,1
Ford EcoSport 1.5 Diesel Titanium,2018,9.25,11.2,23.0,1498.0,98.96,5.0,1.9499999999999993,7,1,0,0,0,1
Ford EcoSport 1.5 Diesel Titanium,2017,8.45,11.47,23.0,1498.0,98.96,5.0,3.0200000000000014,8,1,0,0,0,1
Ford EcoSport 1.5 Diesel Titanium,2017,8.99,11.89,23.0,1498.0,98.96,5.0,2.9000000000000004,8,1,0,0,0,1
Tata Bolt Quadrajet XE,2016,3.7,7.43,22.95,1248.0,74.0,5.0,3.7299999999999995,9,1,0,0,0,1
Tata Zest Quadrajet 1.3 75PS XE,2017,3.75,8.34,22.95,1248.0,74.0,5.0,4.59,8,1,0,0,0,1
Tata Zest Quadrajet 1.3 75PS XE,2017,3.75,7.94,22.95,1248.0,74.0,5.0,4.19,8,1,0,0,0,1
Tata Zest Quadrajet 1.3 75PS XE,2016,4.6,8.09,22.95,1248.0,74.0,5.0,3.49,9,1,0,0,0,1
Tata Zest Quadrajet 1.3 75PS XE,2018,5.25,8.34,22.95,1248.0,74.0,5.0,3.09,7,1,0,0,0,1
Tata Bolt Quadrajet XE,2017,5.25,7.43,22.95,1248.0,74.0,5.0,2.1799999999999997,8,1,0,0,0,1
Tata Bolt Quadrajet XM,2017,6.0,7.97,22.95,1248.0,74.0,5.0,1.9699999999999998,8,1,0,0,0,1
Tata Zest Quadrajet 1.3 75PS XM,2017,5.0,8.93,22.95,1248.0,74.0,5.0,3.9299999999999997,8,1,0,0,0,1
Datsun redi-GO T Option,2018,3.48,4.05,22.7,799.0,53.64,5.0,0.5699999999999998,7,0,0,1,0,1
Datsun redi-GO T Option,2018,3.6,4.05,22.7,799.0,53.64,5.0,0.44999999999999973,7,0,0,1,0,1
Datsun redi-GO T,2016,2.25,3.98,22.7,799.0,53.64,5.0,1.73,9,0,0,1,0,1
Datsun redi-GO T Option,2016,2.66,4.37,22.7,799.0,53.64,5.0,1.71,9,0,0,1,0,1
Datsun redi-GO T Option,2017,3.31,4.04,22.7,799.0,53.64,5.0,0.73,8,0,0,1,0,1
Datsun redi-GO S,2016,2.75,4.43,22.7,799.0,53.0,5.0,1.6799999999999997,9,0,0,1,0,1
BMW 3 Series 320d Luxury Line,2015,29.5,53.68,22.69,1995.0,190.0,5.0,24.18,10,1,0,0,1,0
BMW 3 Series 320d Luxury Line,2019,6.67,52.46,22.69,1995.0,190.0,5.0,45.79,6,1,0,0,1,0
BMW 3 Series 320d Luxury Line,2016,21.33,54.43,22.69,1995.0,190.0,5.0,33.1,9,1,0,0,1,0
BMW 3 Series 320d Luxury Line,2015,20.75,54.43,22.69,1995.0,190.0,5.0,33.68,10,1,0,0,1,0
Maruti Wagon R VXI AMT,2016,4.15,6.14,22.5,998.0,67.0,5.0,1.9899999999999993,9,0,0,1,1,0
Maruti Wagon R VXI AMT,2017,5.23,6.33,22.5,998.0,67.0,5.0,1.0999999999999996,8,0,0,1,1,0
Renault KWID 1.0 RXT Optional AMT,2017,4.28,5.42,22.5,999.0,67.0,5.0,1.1399999999999997,8,0,0,1,1,0
Maruti Wagon R VXI AMT,2017,3.95,5.8,22.5,998.0,67.0,5.0,1.8499999999999996,8,0,0,1,1,0
Renault KWID 1.0 RXT Optional AMT,2017,4.41,4.93,22.5,999.0,67.0,5.0,0.5199999999999996,8,0,0,1,1,0
Maruti Wagon R VXI,2017,4.5,5.44,22.5,998.0,67.04,5.0,0.9400000000000004,8,0,0,1,0,1
Maruti Wagon R VXI AMT,2018,4.45,6.14,22.5,998.0,67.0,5.0,1.6899999999999995,7,0,0,1,1,0
Maruti Wagon R VXI,2016,3.6,5.29,22.5,998.0,67.04,5.0,1.69,9,0,0,1,0,1
Maruti Wagon R VXI,2017,3.85,5.44,22.5,998.0,67.04,5.0,1.5900000000000003,8,0,0,1,0,1
Maruti Wagon R VXI,2015,4.32,5.72,22.5,998.0,67.04,5.0,1.3999999999999995,10,0,0,1,0,1
Maruti Wagon R VXI AMT,2016,4.25,5.68,22.5,998.0,67.0,5.0,1.4299999999999997,9,0,0,1,1,0
Renault KWID Climber 1.0 AMT,2018,4.5,5.67,22.5,999.0,67.0,5.0,1.17,7,0,0,1,1,0
Renault KWID Climber 1.0 AMT,2018,4.99,5.72,22.5,999.0,67.0,5.0,0.7299999999999995,7,0,0,1,1,0
Maruti Wagon R VXI,2019,5.34,5.12,22.5,998.0,67.04,5.0,-0.21999999999999975,6,0,0,1,0,1
BMW 5 Series 520d Luxury Line,2016,30.37,71.82,22.48,1995.0,190.0,5.0,41.44999999999999,9,1,0,0,1,0
BMW 5 Series 520d Luxury Line,2018,37.3,67.87,22.48,1995.0,190.0,5.0,30.570000000000007,7,1,0,0,1,0
Hyundai Creta 1.4 E Plus Diesel,2018,10.5,11.81,22.1,1396.0,88.7,5.0,1.3100000000000005,7,1,0,0,0,1
Hyundai Verna CRDi 1.6 SX Option,2017,11.5,15.72,22.0,1582.0,126.2,5.0,4.220000000000001,8,1,0,0,0,1
Hyundai Verna CRDi 1.6 SX Option,2018,10.95,14.44,22.0,1582.0,126.2,5.0,3.49,7,1,0,0,0,1
Maruti Dzire AMT ZXI Plus,2019,8.3,10.26,22.0,1197.0,81.8,5.0,1.959999999999999,6,0,0,1,1,0
Maruti Swift VXI,2016,5.1,7.0,22.0,1197.0,81.8,5.0,1.9000000000000004,9,0,0,1,0,1
Maruti Swift ZXI Plus,2018,7.75,8.16,22.0,1197.0,81.8,5.0,0.41000000000000014,7,0,0,1,0,1
Maruti Dzire AMT VXI,2017,5.5,8.13,22.0,1197.0,81.8,5.0,2.630000000000001,8,0,0,1,1,0
Maruti Dzire AMT ZXI Plus,2017,8.5,10.34,22.0,1197.0,81.8,5.0,1.8399999999999999,8,0,0,1,1,0
Honda BR-V i-DTEC VX MT,2017,10.79,15.45,21.9,1498.0,98.6,7.0,4.66,8,1,0,0,0,1
BMW 3 Series Luxury Line,2016,27.0,62.11,21.76,1995.0,190.0,5.0,35.11,9,1,0,0,1,0
BMW 3 Series Luxury Line,2017,35.84,55.07,21.76,1995.0,190.0,5.0,19.229999999999997,8,1,0,0,1,0
BMW 3 Series Sport,2016,29.99,57.3,21.76,1995.0,190.0,5.0,27.31,9,1,0,0,1,0
BMW 3 Series Luxury Line,2016,36.5,62.07,21.76,1995.0,190.0,5.0,25.57,9,1,0,0,1,0
BMW 3 Series Luxury Line,2017,35.0,62.07,21.76,1995.0,190.0,5.0,27.07,8,1,0,0,1,0
BMW 3 Series Luxury Line,2016,35.0,55.07,21.76,1995.0,190.0,5.0,20.07,9,1,0,0,1,0
BMW 3 Series Luxury Line,2016,29.95,60.88,21.76,1995.0,190.0,5.0,30.930000000000003,9,1,0,0,1,0
BMW 3 Series Luxury Line,2015,25.99,58.67,21.76,1995.0,190.0,5.0,32.68000000000001,10,1,0,0,1,0
BMW 3 Series Luxury Line,2015,25.5,60.88,21.76,1995.0,190.0,5.0,35.38,10,1,0,0,1,0
BMW 3 Series Luxury Line,2018,37.92,58.67,21.76,1995.0,190.0,5.0,20.75,7,1,0,0,1,0
Skoda Rapid 1.5 TDI AT Style,2017,10.5,15.34,21.72,1498.0,108.4,5.0,4.84,8,1,0,0,1,0
Renault KWID Climber 1.0 MT,2017,4.25,4.98,21.7,999.0,67.0,5.0,0.7300000000000004,8,0,0,1,0,1
Renault KWID 1.0 RXT Optional,2018,4.5,4.61,21.7,999.0,67.0,5.0,0.11000000000000032,7,0,0,1,0,1
Renault KWID Climber 1.0 MT,2018,4.8,5.3,21.7,999.0,67.0,5.0,0.5,7,0,0,1,0,1
Renault KWID 1.0 RXT Optional,2016,3.0,4.78,21.7,999.0,67.0,5.0,1.7800000000000002,9,0,0,1,0,1
Renault KWID 1.0 RXT Optional,2017,3.25,4.78,21.7,999.0,67.0,5.0,1.5300000000000002,8,0,0,1,0,1
Volkswagen Ameo 1.5 TDI Highline,2018,7.9,9.72,21.66,1498.0,108.62,5.0,1.8200000000000003,7,1,0,0,0,1
Volkswagen Ameo 1.5 TDI Comfortline,2016,5.8,9.19,21.66,1498.0,108.62,5.0,3.3899999999999997,9,1,0,0,0,1
Volkswagen Ameo 1.5 TDI Highline,2016,6.75,10.04,21.66,1498.0,108.62,5.0,3.289999999999999,9,1,0,0,0,1
Volkswagen Ameo 1.5 TDI Highline,2017,6.45,10.04,21.66,1498.0,108.62,5.0,3.589999999999999,8,1,0,0,0,1
Maruti Ciaz Zeta,2018,9.95,10.65,21.56,1462.0,103.25,5.0,0.7000000000000011,7,0,0,1,0,1
Maruti Ciaz Zeta,2018,9.18,11.11,21.56,1462.0,103.25,5.0,1.9299999999999997,7,0,0,1,0,1
Maruti Ciaz Alpha,2018,9.18,11.37,21.56,1462.0,103.25,5.0,2.1899999999999995,7,0,0,1,0,1
Maruti Ciaz Alpha,2017,8.25,11.56,21.56,1462.0,103.25,5.0,3.3100000000000005,8,0,0,1,0,1
Maruti Ciaz Zeta,2017,8.2,11.11,21.56,1462.0,103.25,5.0,2.91,8,0,0,1,0,1
Maruti Wagon R ZXI AMT 1.2,2019,6.25,6.8,21.5,1197.0,81.8,5.0,0.5499999999999998,6,0,0,1,1,0
Volkswagen Vento 1.5 TDI Highline AT,2016,10.0,15.68,21.5,1498.0,108.5,5.0,5.68,9,1,0,0,1,0
Maruti Wagon R VXI 1.2,2015,3.5,5.71,21.5,1197.0,81.8,5.0,2.21,10,0,0,1,0,1
Maruti Wagon R VXI 1.2,2015,3.1,5.88,21.5,1197.0,81.8,5.0,2.78,10,0,0,1,0,1
Volkswagen Vento 1.5 TDI Highline AT,2017,9.6,15.86,21.5,1498.0,108.5,5.0,6.26,8,1,0,0,1,0
Volkswagen Vento 1.5 TDI Highline AT,2016,8.95,15.86,21.5,1498.0,108.5,5.0,6.91,9,1,0,0,1,0
Volkswagen Vento 1.5 TDI Highline AT,2016,10.3,15.68,21.5,1498.0,108.5,5.0,5.379999999999999,9,1,0,0,1,0
Tata Nexon 1.5 Revotorq XZ Plus Dual Tone,2018,9.22,11.47,21.5,1497.0,108.5,5.0,2.25,7,1,0,0,0,1
Volkswagen Vento 1.5 TDI Highline AT,2016,9.45,15.86,21.5,1498.0,108.5,5.0,6.41,9,1,0,0,1,0
Maruti Wagon R VXI AMT1.2,2015,3.65,6.43,21.5,1197.0,81.8,5.0,2.78,10,0,0,1,1,0
Tata Nexon 1.5 Revotorq XZ Plus Dual Tone,2018,9.9,12.22,21.5,1497.0,108.5,5.0,2.3200000000000003,7,1,0,0,0,1
Maruti Wagon R VXI 1.2,2015,4.11,5.44,21.5,1197.0,81.8,5.0,1.33,10,0,0,1,0,1
Maruti Baleno Zeta,2018,7.39,8.71,21.4,1197.0,83.1,5.0,1.3200000000000012,7,0,0,1,0,1
Maruti Baleno Zeta CVT,2016,5.74,9.04,21.4,1197.0,83.1,5.0,3.299999999999999,9,0,0,1,1,0
Maruti Baleno Alpha CVT,2019,9.51,10.3,21.4,1197.0,83.1,5.0,0.7900000000000009,6,0,0,1,1,0
Maruti Baleno Alpha,2016,6.75,8.78,21.4,1197.0,83.1,5.0,2.0299999999999994,9,0,0,1,0,1
Maruti Baleno Delta,2016,5.8,7.36,21.4,1197.0,83.1,5.0,1.5600000000000005,9,0,0,1,0,1
Maruti Baleno Delta,2017,6.37,7.36,21.4,1197.0,83.1,5.0,0.9900000000000002,8,0,0,1,0,1
Maruti Baleno Alpha CVT,2018,8.85,10.3,21.4,1197.0,83.1,5.0,1.450000000000001,7,0,0,1,1,0
Maruti Baleno Alpha,2017,7.5,8.78,21.4,1197.0,83.1,5.0,1.2799999999999994,8,0,0,1,0,1
Maruti Baleno Alpha,2016,6.95,8.8,21.4,1197.0,83.1,5.0,1.8500000000000005,9,0,0,1,0,1
Maruti Baleno Alpha,2017,7.5,8.78,21.4,1197.0,83.1,5.0,1.2799999999999994,8,0,0,1,0,1
Maruti Baleno Delta CVT,2018,7.29,8.57,21.4,1197.0,83.1,5.0,1.2800000000000002,7,0,0,1,1,0
Skoda Rapid 1.5 TDI Style,2017,10.5,15.38,21.13,1498.0,108.4,5.0,4.880000000000001,8,1,0,0,0,1
Skoda Rapid 1.5 TDI Ambition,2018,11.92,14.22,21.13,1498.0,108.4,5.0,2.3000000000000007,7,1,0,0,0,1
Maruti Baleno RS Petrol,2018,8.61,10.89,21.1,998.0,100.0,5.0,2.280000000000001,7,0,0,1,0,1
Maruti Baleno RS Petrol,2018,8.15,9.83,21.1,998.0,100.0,5.0,1.6799999999999997,7,0,0,1,0,1
Mahindra Verito 1.5 D4 BSIV,2015,3.1,9.26,21.03,1461.0,65.0,5.0,6.16,10,1,0,0,0,1
Maruti Ignis 1.2 Alpha,2017,6.36,7.87,20.89,1197.0,81.8,5.0,1.5099999999999998,8,0,0,1,0,1
Maruti Ignis 1.2 Delta,2019,5.5,5.9,20.89,1197.0,81.8,5.0,0.40000000000000036,6,0,0,1,0,1
Maruti Ignis 1.2 AMT Alpha,2019,7.36,7.96,20.89,1197.0,81.8,5.0,0.5999999999999996,6,0,0,1,1,0
Maruti Ignis 1.2 Delta,2019,6.06,6.07,20.89,1197.0,81.8,5.0,0.010000000000000675,6,0,0,1,0,1
Maruti Ignis 1.2 Alpha,2017,5.7,7.87,20.89,1197.0,81.8,5.0,2.17,8,0,0,1,0,1
Mini Cooper 5 DOOR D,2019,31.55,41.98,20.7,1496.0,113.98,5.0,10.429999999999996,6,1,0,0,1,0
Mini Cooper 3 DOOR D,2016,23.8,35.0,20.7,1496.0,113.98,4.0,11.2,9,1,0,0,1,0
Mini Cooper 3 DOOR D,2015,24.77,34.89,20.7,1496.0,113.98,4.0,10.120000000000001,10,1,0,0,1,0
Mini Cooper 5 DOOR D,2017,34.0,42.48,20.7,1496.0,113.98,5.0,8.479999999999997,8,1,0,0,1,0
Mini Cooper 3 DOOR D,2016,23.5,35.0,20.7,1496.0,113.98,4.0,11.5,9,1,0,0,1,0
Mini Cooper 5 DOOR D,2016,29.5,42.12,20.7,1496.0,113.98,5.0,12.619999999999997,9,1,0,0,1,0
BMW X1 sDrive 20d xLine,2015,22.24,48.18,20.68,1995.0,190.0,5.0,25.94,10,1,0,0,1,0
BMW X1 xDrive 20d M Sport,2017,29.0,50.26,20.68,1995.0,190.0,5.0,21.259999999999998,8,1,0,0,1,0
BMW X1 sDrive 20d xLine,2019,36.64,48.18,20.68,1995.0,190.0,5.0,11.54,6,1,0,0,1,0
BMW X1 sDrive 20d xLine,2016,28.5,48.18,20.68,1995.0,190.0,5.0,19.68,9,1,0,0,1,0
BMW X1 sDrive 20d xLine,2017,29.4,48.18,20.68,1995.0,190.0,5.0,18.78,8,1,0,0,1,0
Tata Zest Quadrajet 1.3 XT,2018,6.69,10.06,20.65,1248.0,88.7,5.0,3.37,7,1,0,0,0,1
Tata Zest Quadrajet 1.3 XT,2017,5.85,10.06,20.65,1248.0,88.7,5.0,4.210000000000001,8,1,0,0,0,1
Volkswagen Vento 1.5 TDI Highline,2017,10.0,14.2,20.64,1498.0,108.5,5.0,4.199999999999999,8,1,0,0,0,1
Volkswagen Vento 1.5 TDI Highline,2016,8.45,14.2,20.64,1498.0,108.5,5.0,5.75,9,1,0,0,0,1
Hyundai Creta 1.6 SX Option Diesel,2016,13.82,19.18,20.5,1582.0,126.2,5.0,5.359999999999999,9,1,0,0,0,1
Hyundai Creta 1.6 SX Option Diesel,2019,16.27,19.18,20.5,1582.0,126.2,5.0,2.91,6,1,0,0,0,1
Hyundai Creta 1.6 SX Option Diesel,2017,11.45,19.18,20.5,1582.0,126.2,5.0,7.73,8,1,0,0,0,1
Hyundai Creta 1.6 SX Option Diesel,2016,10.8,19.18,20.5,1582.0,126.2,5.0,8.379999999999999,9,1,0,0,0,1
Audi A3 35 TDI Premium Plus,2016,18.9,42.89,20.38,1968.0,143.0,5.0,23.990000000000002,9,1,0,0,1,0
Volkswagen Polo 1.5 TDI Highline,2016,6.3,10.15,20.14,1498.0,88.0,5.0,3.8500000000000005,9,1,0,0,0,1
Volkswagen Polo 1.5 TDI Highline,2017,6.9,9.97,20.14,1498.0,88.0,5.0,3.0700000000000003,8,1,0,0,0,1
Volkswagen Polo 1.5 TDI Highline,2018,8.12,10.32,20.14,1498.0,88.0,5.0,2.200000000000001,7,1,0,0,0,1
Volkswagen Polo 1.5 TDI Comfortline,2015,4.91,9.56,20.14,1498.0,88.0,5.0,4.65,10,1,0,0,0,1
Hyundai Xcent 1.2 VTVT S,2015,6.2,7.85,20.14,1197.0,81.86,5.0,1.6499999999999995,10,0,0,1,0,1
Hyundai Xcent 1.2 VTVT E,2018,5.0,6.71,20.14,1197.0,81.86,5.0,1.71,7,0,0,1,0,1
Volkswagen Polo 1.5 TDI Highline,2016,6.29,9.58,20.14,1498.0,88.0,5.0,3.29,9,1,0,0,0,1
Nissan Terrano XL D Option,2015,6.25,15.06,19.87,1461.0,83.14,5.0,8.81,10,1,0,0,0,1
Renault Duster 85PS Diesel RxE,2016,6.5,11.27,19.87,1461.0,83.8,5.0,4.77,9,1,0,0,0,1
Datsun GO Plus T Petrol,2017,3.95,6.45,19.83,1198.0,67.0,7.0,2.5,8,0,0,1,0,1
Nissan Micra Active XV,2018,4.0,6.99,19.69,1198.0,67.04,5.0,2.99,7,0,0,1,0,1
Nissan Micra Active XV,2016,4.25,6.78,19.69,1198.0,67.04,5.0,2.5300000000000002,9,0,0,1,0,1
Nissan Terrano XV D Pre,2015,6.92,16.65,19.64,1461.0,108.5,5.0,9.729999999999999,10,1,0,0,0,1
Renault Duster 110PS Diesel RxZ AMT,2017,11.86,15.05,19.6,1461.0,108.45,5.0,3.1900000000000013,8,1,0,0,1,0
Renault Duster 110PS Diesel RxZ AMT,2016,8.9,14.11,19.6,1461.0,108.45,5.0,5.209999999999999,9,1,0,0,1,0
Renault Duster 110PS Diesel RxZ AMT,2017,11.44,15.05,19.6,1461.0,108.45,5.0,3.610000000000001,8,1,0,0,1,0
Renault Duster 110PS Diesel RxZ AMT,2017,12.46,15.05,19.6,1461.0,108.45,5.0,2.59,8,1,0,0,1,0
Renault Duster 110PS Diesel RxZ AMT,2016,11.5,15.05,19.6,1461.0,108.45,5.0,3.5500000000000007,9,1,0,0,1,0
Honda Amaze S Petrol,2016,5.68,7.55,19.5,1199.0,88.76,5.0,1.87,9,0,0,1,0,1
Honda Amaze V Petrol,2016,5.47,8.16,19.5,1199.0,86.76,5.0,2.6900000000000004,9,0,0,1,0,1
Honda Amaze V Petrol,2018,6.7,8.18,19.5,1199.0,86.76,5.0,1.4799999999999995,7,0,0,1,0,1
Jaguar XF 2.0 Diesel Portfolio,2017,52.0,72.64,19.33,1999.0,177.0,5.0,20.64,8,1,0,0,1,0
Toyota Camry Hybrid 2.5,2017,26.11,40.62,19.16,2487.0,175.67,5.0,14.509999999999998,8,0,0,1,1,0
Nissan Micra XV CVT,2016,6.55,9.51,19.15,1198.0,75.94,5.0,2.96,9,0,0,1,1,0
Nissan Micra XV CVT,2017,5.85,9.51,19.15,1198.0,75.94,5.0,3.66,8,0,0,1,1,0
Nissan Micra XV CVT,2015,4.6,9.47,19.15,1198.0,75.94,5.0,4.870000000000001,10,0,0,1,1,0
Ford Freestyle Titanium Plus Petrol,2018,7.23,8.44,19.0,1194.0,94.68,5.0,1.209999999999999,7,0,0,1,0,1
Honda Jazz V CVT,2015,7.25,10.17,19.0,1199.0,88.7,5.0,2.92,10,0,0,1,1,0
Ford Freestyle Titanium Plus Petrol,2018,7.34,8.24,19.0,1194.0,94.68,5.0,0.9000000000000004,7,0,0,1,0,1
Honda Amaze V CVT Petrol,2019,8.86,9.47,19.0,1199.0,88.76,5.0,0.6100000000000012,6,0,0,1,1,0
Honda Jazz Exclusive CVT,2018,8.25,10.81,19.0,1199.0,88.7,5.0,2.5600000000000005,7,0,0,1,1,0
Honda Jazz V CVT,2017,6.95,10.1,19.0,1199.0,88.7,5.0,3.1499999999999995,8,0,0,1,1,0
Mercedes-Benz SLC 43 AMG,2017,54.0,95.04,19.0,2996.0,362.07,2.0,41.040000000000006,8,0,0,1,1,0
Honda Amaze V CVT Petrol,2018,7.8,9.44,19.0,1199.0,88.76,5.0,1.6399999999999997,7,0,0,1,1,0
Hyundai Grand i10 1.2 Kappa Sportz,2018,5.75,6.71,18.9,1197.0,81.86,5.0,0.96,7,0,0,1,0,1
Hyundai Grand i10 1.2 Kappa Sportz,2016,4.87,6.82,18.9,1197.0,81.86,5.0,1.9500000000000002,9,0,0,1,0,1
Hyundai Grand i10 1.2 Kappa Asta,2016,5.89,8.1,18.9,1197.0,81.86,5.0,2.21,9,0,0,1,0,1
Hyundai Grand i10 1.2 Kappa Sportz,2018,5.85,6.96,18.9,1197.0,81.86,5.0,1.1100000000000003,7,0,0,1,0,1
Hyundai Grand i10 1.2 Kappa Sportz,2018,5.55,7.14,18.9,1197.0,81.86,5.0,1.5899999999999999,7,0,0,1,0,1
Hyundai Grand i10 1.2 Kappa Asta,2017,6.08,8.1,18.9,1197.0,81.86,5.0,2.0199999999999996,8,0,0,1,0,1
Hyundai Grand i10 1.2 Kappa Magna AT,2019,6.84,7.98,18.9,1197.0,81.86,5.0,1.1400000000000006,6,0,0,1,1,0
Hyundai Grand i10 1.2 Kappa Sportz,2018,6.07,6.68,18.9,1197.0,81.86,5.0,0.6099999999999994,7,0,0,1,0,1
Hyundai Grand i10 1.2 Kappa Sportz,2016,5.07,6.62,18.9,1197.0,81.86,5.0,1.5499999999999998,9,0,0,1,0,1
Hyundai Grand i10 1.2 Kappa Asta,2019,6.5,7.39,18.9,1197.0,81.86,5.0,0.8899999999999997,6,0,0,1,0,1
Hyundai Grand i10 1.2 Kappa Magna,2017,5.0,6.54,18.9,1197.0,81.86,5.0,1.54,8,0,0,1,0,1
Hyundai Grand i10 1.2 Kappa Magna,2018,4.77,6.32,18.9,1197.0,81.86,5.0,1.5500000000000007,7,0,0,1,0,1
Hyundai Grand i10 1.2 Kappa Asta,2017,5.98,7.82,18.9,1197.0,81.86,5.0,1.8399999999999999,8,0,0,1,0,1
Hyundai Grand i10 1.2 Kappa Magna,2017,5.0,6.4,18.9,1197.0,81.86,5.0,1.4000000000000004,8,0,0,1,0,1
Hyundai Grand i10 1.2 Kappa Magna AT,2018,6.76,7.37,18.9,1197.0,81.86,5.0,0.6100000000000003,7,0,0,1,1,0
Hyundai Grand i10 1.2 Kappa Sportz,2015,4.3,6.82,18.9,1197.0,81.86,5.0,2.5200000000000005,10,0,0,1,0,1
Hyundai Grand i10 1.2 Kappa Asta,2018,6.5,7.54,18.9,1197.0,81.86,5.0,1.04,7,0,0,1,0,1
Hyundai Grand i10 1.2 Kappa Asta,2016,6.01,8.1,18.9,1197.0,81.86,5.0,2.09,9,0,0,1,0,1
Hyundai Grand i10 1.2 Kappa Sportz,2018,6.03,6.62,18.9,1197.0,81.86,5.0,0.5899999999999999,7,0,0,1,0,1
Hyundai Grand i10 1.2 Kappa Magna,2018,5.53,6.32,18.9,1197.0,81.86,5.0,0.79,7,0,0,1,0,1
Hyundai Grand i10 1.2 Kappa Sportz,2019,6.17,6.68,18.9,1197.0,81.86,5.0,0.5099999999999998,6,0,0,1,0,1
Hyundai Grand i10 1.2 Kappa Magna,2018,4.8,6.4,18.9,1197.0,81.86,5.0,1.6000000000000005,7,0,0,1,0,1
Hyundai Grand i10 1.2 Kappa Asta,2017,5.66,7.48,18.9,1197.0,81.86,5.0,1.8200000000000003,8,0,0,1,0,1
Hyundai Grand i10 1.2 Kappa Sportz AT,2018,7.55,8.63,18.9,1197.0,81.86,5.0,1.080000000000001,7,0,0,1,1,0
Hyundai Grand i10 1.2 Kappa Magna,2017,4.75,6.54,18.9,1197.0,81.86,5.0,1.79,8,0,0,1,0,1
Hyundai Grand i10 1.2 Kappa Asta,2017,5.99,7.82,18.9,1197.0,81.86,5.0,1.83,8,0,0,1,0,1
Hyundai Grand i10 1.2 Kappa Sportz,2017,5.87,7.45,18.9,1197.0,81.86,5.0,1.58,8,0,0,1,0,1
Hyundai Grand i10 1.2 Kappa Magna,2017,4.9,6.54,18.9,1197.0,81.86,5.0,1.6399999999999997,8,0,0,1,0,1
Hyundai Grand i10 1.2 Kappa Magna AT,2018,6.2,7.98,18.9,1197.0,81.86,5.0,1.7800000000000002,7,0,0,1,1,0
Volkswagen Polo 1.0 MPI Trendline,2019,5.68,6.74,18.78,999.0,75.0,5.0,1.0600000000000005,6,0,0,1,0,1
Volkswagen Polo 1.0 MPI Comfortline,2016,5.5,7.33,18.78,999.0,75.0,5.0,1.83,9,0,0,1,0,1
Maruti Ertiga VXI AT Petrol,2017,8.0,10.65,18.69,1462.0,103.0,7.0,2.6500000000000004,8,0,0,1,1,0
Hyundai Elite i20 Asta Option,2017,7.53,9.78,18.6,1197.0,81.86,5.0,2.249999999999999,8,0,0,1,0,1
Hyundai Elite i20 Sportz Plus,2017,6.28,8.03,18.6,1197.0,81.86,5.0,1.7499999999999991,8,0,0,1,0,1
Hyundai Elite i20 Asta Option,2019,8.78,9.78,18.6,1197.0,81.86,5.0,1.0,6,0,0,1,0,1
BMW 5 Series 530d M Sport,2016,48.0,78.31,18.59,2993.0,265.0,5.0,30.310000000000002,9,1,0,0,1,0
BMW X3 xDrive 20d Luxury Line,2018,61.25,70.55,18.56,1995.0,190.0,5.0,9.299999999999997,7,1,0,0,1,0
BMW X3 xDrive 20d xLine,2017,32.57,64.76,18.56,1995.0,190.0,5.0,32.190000000000005,8,1,0,0,1,0
Audi A6 35 TDI Matrix,2015,35.5,67.67,18.53,1968.0,187.74,5.0,32.17,10,1,0,0,1,0
Audi A6 35 TDI Matrix,2017,39.84,69.37,18.53,1968.0,187.74,5.0,29.53,8,1,0,0,1,0
Audi Q3 30 TDI Premium FWD,2018,32.73,44.8,18.51,1968.0,147.51,5.0,12.07,7,1,0,0,1,0
Audi Q3 30 TDI Premium FWD,2017,27.0,44.75,18.51,1968.0,147.51,5.0,17.75,8,1,0,0,1,0
Honda Brio 1.2 S MT,2015,3.95,6.23,18.5,1198.0,86.8,5.0,2.2800000000000002,10,0,0,1,0,1
Audi A4 35 TDI Technology,2017,43.0,55.61,18.25,1968.0,187.74,5.0,12.61,8,1,0,0,1,0
Audi A4 35 TDI Premium Plus,2015,21.66,50.4,18.25,1968.0,187.74,5.0,28.74,10,1,0,0,1,0
Audi A4 35 TDI Technology,2015,25.0,55.61,18.25,1968.0,187.74,5.0,30.61,10,1,0,0,1,0
Honda Jazz VX,2018,8.46,9.1,18.2,1199.0,88.7,5.0,0.6399999999999988,7,0,0,1,0,1
Honda Jazz V,2016,5.9,8.71,18.2,1199.0,88.7,5.0,2.8100000000000005,9,0,0,1,0,1
Honda Jazz VX,2017,7.9,9.1,18.2,1199.0,88.7,5.0,1.1999999999999993,8,0,0,1,0,1
Honda Jazz V,2015,6.3,8.79,18.2,1199.0,88.7,5.0,2.4899999999999993,10,0,0,1,0,1
Honda Jazz V,2017,6.8,8.71,18.2,1199.0,88.7,5.0,1.910000000000001,8,0,0,1,0,1
Honda Jazz VX,2015,4.85,8.85,18.2,1199.0,88.7,5.0,4.0,10,0,0,1,0,1
Skoda Superb Style 2.0 TDI AT,2015,15.5,36.94,18.19,1968.0,174.5,5.0,21.439999999999998,10,1,0,0,1,0
Skoda Superb L&K 2.0 TDI AT,2017,25.75,40.73,18.19,1968.0,174.5,5.0,14.979999999999997,8,1,0,0,1,0
Skoda Superb Style 2.0 TDI AT,2017,22.99,36.94,18.19,1968.0,174.5,5.0,13.95,8,1,0,0,1,0
Toyota Etios Liva 1.2 VX Dual Tone,2019,7.27,7.59,18.16,1197.0,78.9,5.0,0.3200000000000003,6,0,0,1,0,1
Mahindra E Verito D4,2016,13.0,13.58,18.158496150556033,72.0,41.0,5.0,0.5800000000000001,9,0,1,0,1,0
Mahindra KUV 100 G80 K6 Plus 5Str,2017,4.5,7.35,18.15,1198.0,82.0,5.0,2.8499999999999996,8,0,0,1,0,1
Mahindra KUV 100 G80 K8,2018,6.25,7.88,18.15,1198.0,82.0,6.0,1.63,7,0,0,1,0,1
Mahindra KUV 100 G80 K8 Dual Tone,2018,5.5,7.96,18.15,1198.0,82.0,6.0,2.46,7,0,0,1,0,1
Honda City i-VTEC CVT V,2019,11.66,13.4,18.0,1497.0,117.3,5.0,1.7400000000000002,6,0,0,1,1,0
Honda City i-VTEC CVT VX,2015,10.65,16.04,18.0,1497.0,117.3,5.0,5.389999999999999,10,0,0,1,1,0
Honda City i-VTEC CVT VX,2015,8.95,15.29,18.0,1497.0,117.3,5.0,6.34,10,0,0,1,1,0
Honda City i-VTEC CVT VX,2017,7.7,14.67,18.0,1497.0,117.3,5.0,6.97,8,0,0,1,1,0
Honda City i-VTEC CVT VX,2017,11.6,15.29,18.0,1497.0,117.3,5.0,3.6899999999999995,8,0,0,1,1,0
Honda City i-VTEC CVT ZX,2018,14.21,17.38,18.0,1497.0,117.3,5.0,3.169999999999998,7,0,0,1,1,0
Honda City i-VTEC CVT VX,2015,8.65,15.29,18.0,1497.0,117.3,5.0,6.639999999999999,10,0,0,1,1,0
Honda City i-VTEC CVT ZX,2017,12.69,16.67,18.0,1497.0,117.3,5.0,3.980000000000002,8,0,0,1,1,0
Mercedes-Benz E-Class E 350 d,2019,78.8,92.5,18.0,2987.0,258.0,5.0,13.700000000000003,6,1,0,0,1,0
Honda City i-VTEC CVT VX,2018,12.5,15.17,18.0,1497.0,117.3,5.0,2.67,7,0,0,1,1,0
Honda City i-VTEC CVT VX,2018,11.97,15.55,18.0,1497.0,117.3,5.0,3.58,7,0,0,1,1,0
Mercedes-Benz GLE 250d,2017,57.0,79.43,17.9,2143.0,201.15,5.0,22.430000000000007,8,1,0,0,1,0
Mercedes-Benz CLA 200 CDI Sport,2019,25.75,43.07,17.9,2143.0,136.0,5.0,17.32,6,1,0,0,1,0
Mercedes-Benz GLA Class 200 d Sport,2017,23.5,41.94,17.9,2143.0,136.0,5.0,18.439999999999998,8,1,0,0,1,0
Mercedes-Benz GLE 250d,2017,56.73,78.76,17.9,2143.0,201.15,5.0,22.03000000000001,8,1,0,0,1,0
Mercedes-Benz CLA 200 CDI Sport,2017,27.87,45.36,17.9,2143.0,136.0,5.0,17.49,8,1,0,0,1,0
Mercedes-Benz CLA 200 CDI Sport,2019,30.77,43.07,17.9,2143.0,136.0,5.0,12.3,6,1,0,0,1,0
Mercedes-Benz GLE 250d,2016,56.0,78.76,17.9,2143.0,201.15,5.0,22.760000000000005,9,1,0,0,1,0
Mercedes-Benz GLA Class 200 d Style,2016,24.46,38.72,17.9,2143.0,136.0,5.0,14.259999999999998,9,1,0,0,1,0
Mercedes-Benz GLC 220d 4MATIC Sport,2017,45.0,64.14,17.9,2143.0,170.0,5.0,19.14,8,1,0,0,1,0
Mercedes-Benz GLA Class 200 d Sport,2018,28.9,41.94,17.9,2143.0,136.0,5.0,13.04,7,1,0,0,1,0
Mercedes-Benz CLA 200 CDI Sport,2017,27.0,42.4,17.9,2143.0,136.0,5.0,15.399999999999999,8,1,0,0,1,0
Mercedes-Benz GLE 250d,2016,49.0,79.43,17.9,2143.0,201.15,5.0,30.430000000000007,9,1,0,0,1,0
Mercedes-Benz GLC 220d 4MATIC Style,2018,48.5,59.77,17.9,2143.0,170.0,5.0,11.270000000000003,7,1,0,0,1,0
Mercedes-Benz GLC 220d 4MATIC Style,2017,46.95,59.77,17.9,2143.0,170.0,5.0,12.82,8,1,0,0,1,0
Mercedes-Benz GLC 220d 4MATIC Style,2019,50.97,64.57,17.9,2143.0,170.0,5.0,13.599999999999994,6,1,0,0,1,0
Audi A4 30 TFSI Premium Plus,2017,21.73,47.16,17.84,1395.0,147.51,5.0,25.429999999999996,8,0,0,1,1,0
Toyota Etios Liva 1.2 G,2015,4.57,6.41,17.71,1197.0,78.9,5.0,1.8399999999999999,10,0,0,1,0,1
Hyundai Creta 1.6 SX Automatic Diesel,2018,11.25,17.0,17.6,1582.0,126.2,5.0,5.75,7,1,0,0,1,0
Tata Hexa XTA,2016,13.5,21.0,17.6,2179.0,153.86,7.0,7.5,9,1,0,0,1,0
Tata Hexa XT,2017,12.0,19.86,17.6,2179.0,153.86,7.0,7.859999999999999,8,1,0,0,0,1
Tata Hexa XTA,2019,17.85,22.74,17.6,2179.0,153.86,7.0,4.889999999999997,6,1,0,0,1,0
Hyundai Creta 1.6 SX Automatic Diesel,2016,12.5,18.35,17.6,1582.0,126.2,5.0,5.850000000000001,9,1,0,0,1,0
Tata Hexa XT,2017,14.25,20.87,17.6,2179.0,153.86,7.0,6.620000000000001,8,1,0,0,0,1
Tata Zest Revotron 1.2T XE,2017,4.25,6.83,17.57,1193.0,88.7,5.0,2.58,8,0,0,1,0,1
Tata Zest Revotron 1.2T XM,2015,4.52,7.63,17.57,1193.0,88.7,5.0,3.1100000000000003,10,0,0,1,0,1
Tata Zest Revotron 1.2T XMS,2015,4.0,7.69,17.57,1193.0,88.7,5.0,3.6900000000000004,10,0,0,1,0,1
Tata Bolt Revotron XT,2016,4.0,7.77,17.57,1193.0,88.7,5.0,3.7699999999999996,9,0,0,1,0,1
Tata Zest Revotron 1.2 XT,2015,5.0,8.09,17.57,1193.0,88.7,5.0,3.09,10,0,0,1,0,1
Tata Zest Revotron 1.2 XT,2015,5.27,8.69,17.57,1193.0,88.7,5.0,3.42,10,0,0,1,0,1
Tata Zest Revotron 1.2T XM,2016,4.0,7.63,17.57,1193.0,88.7,5.0,3.63,9,0,0,1,0,1
Tata Zest Revotron 1.2T XE,2017,4.5,6.62,17.57,1193.0,88.7,5.0,2.12,8,0,0,1,0,1
Tata Zest Revotron 1.2T XE,2017,4.5,6.67,17.57,1193.0,88.7,5.0,2.17,8,0,0,1,0,1
Tata Zest Revotron 1.2T XE,2017,4.8,6.59,17.57,1193.0,88.7,5.0,1.79,8,0,0,1,0,1
Tata Zest Revotron 1.2T XM,2017,4.65,7.63,17.57,1193.0,88.7,5.0,2.9799999999999995,8,0,0,1,0,1
Honda WRV i-VTEC VX,2017,8.25,10.32,17.5,1199.0,88.7,5.0,2.0700000000000003,8,0,0,1,0,1
Honda WRV i-VTEC VX,2018,9.9,10.57,17.5,1199.0,88.7,5.0,0.6699999999999999,7,0,0,1,0,1
Honda WRV i-VTEC VX,2017,8.9,10.83,17.5,1199.0,88.7,5.0,1.9299999999999997,8,0,0,1,0,1
Honda WRV i-VTEC VX,2018,9.29,10.57,17.5,1199.0,88.7,5.0,1.2800000000000011,7,0,0,1,0,1
Honda WR-V Edge Edition i-VTEC S,2019,8.2,9.36,17.5,1199.0,88.7,5.0,1.1600000000000001,6,0,0,1,0,1
Mahindra NuvoSport N8,2017,7.57,11.77,17.45,1493.0,100.0,7.0,4.199999999999999,8,1,0,0,0,1
Mahindra NuvoSport N6,2017,6.5,10.52,17.45,1493.0,100.0,7.0,4.02,8,1,0,0,0,1
Mahindra NuvoSport N6,2018,7.29,10.52,17.45,1493.0,100.0,7.0,3.2299999999999995,7,1,0,0,0,1
Mini Cooper 3 DOOR S,2016,28.95,39.27,17.44,1998.0,189.08,4.0,10.320000000000004,9,0,0,1,1,0
Honda City i-VTEC VX,2017,10.0,12.68,17.4,1497.0,117.3,5.0,2.6799999999999997,8,0,0,1,0,1
Honda City i-VTEC VX,2017,11.15,13.76,17.4,1497.0,117.3,5.0,2.6099999999999994,8,0,0,1,0,1
Honda City i-VTEC V,2017,8.5,12.57,17.4,1497.0,117.3,5.0,4.07,8,0,0,1,0,1
Honda City i-VTEC V,2018,10.07,11.88,17.4,1497.0,117.3,5.0,1.8100000000000005,7,0,0,1,0,1
Volkswagen Polo GT TSI,2017,7.75,11.26,17.21,1197.0,103.5,5.0,3.51,8,0,0,1,1,0
Volkswagen Polo GT TSI,2017,8.25,11.26,17.21,1197.0,103.5,5.0,3.01,8,0,0,1,1,0
Volkswagen Polo GT TSI,2016,7.25,11.26,17.21,1197.0,103.5,5.0,4.01,9,0,0,1,1,0
Volkswagen Polo GT TSI,2017,8.27,11.66,17.21,1197.0,103.5,5.0,3.3900000000000006,8,0,0,1,1,0
Volkswagen Polo GT TSI,2015,7.4,10.83,17.21,1197.0,103.5,5.0,3.4299999999999997,10,0,0,1,1,0
Hyundai i20 Active SX Dual Tone Petrol,2019,8.6,10.25,17.19,1197.0,81.86,5.0,1.6500000000000004,6,0,0,1,0,1
Hyundai i20 Active SX Petrol,2017,6.9,9.74,17.19,1197.0,81.86,5.0,2.84,8,0,0,1,0,1
Jeep Compass 2.0 Longitude,2018,19.05,22.46,17.1,1956.0,170.0,5.0,3.41,7,1,0,0,0,1
Jeep Compass 2.0 Sport,2017,15.0,18.45,17.1,1956.0,170.0,5.0,3.4499999999999993,8,1,0,0,0,1
Jeep Compass 2.0 Longitude,2018,17.55,21.38,17.1,1956.0,170.0,5.0,3.8299999999999983,7,1,0,0,0,1
Jeep Compass 2.0 Longitude,2018,19.46,21.72,17.1,1956.0,170.0,5.0,2.259999999999998,7,1,0,0,0,1
Jeep Compass 2.0 Limited,2018,18.5,23.89,17.1,1956.0,170.0,5.0,5.390000000000001,7,1,0,0,0,1
Jeep Compass 2.0 Sport,2017,16.9,19.91,17.1,1956.0,170.0,5.0,3.0100000000000016,8,1,0,0,0,1
Jeep Compass 2.0 Limited,2018,19.0,22.95,17.1,1956.0,170.0,5.0,3.9499999999999993,7,1,0,0,0,1
Jeep Compass 2.0 Limited Option Black,2017,17.45,24.02,17.1,1956.0,170.0,5.0,6.57,8,1,0,0,0,1
Jeep Compass 2.0 Longitude,2018,17.02,21.38,17.1,1956.0,170.0,5.0,4.359999999999999,7,1,0,0,0,1
Volkswagen Tiguan 2.0 TDI Highline,2017,24.9,36.45,17.06,1968.0,141.0,5.0,11.550000000000004,8,1,0,0,1,0
BMW X1 M Sport sDrive 20d,2016,29.5,50.97,17.05,1995.0,190.0,5.0,21.47,9,1,0,0,1,0
BMW X1 M Sport sDrive 20d,2017,30.29,50.97,17.05,1995.0,190.0,5.0,20.68,8,1,0,0,1,0
Hyundai Verna VTVT 1.6 AT SX Plus,2019,11.5,13.49,17.0,1591.0,121.3,5.0,1.9900000000000002,6,0,0,1,1,0
Ford EcoSport 1.5 Petrol Trend,2016,6.0,9.47,17.0,1497.0,121.36,5.0,3.4700000000000006,9,0,0,1,0,1
Hyundai Verna VTVT 1.6 AT SX Option,2015,7.2,15.14,17.0,1591.0,121.3,5.0,7.94,10,0,0,1,1,0
Volkswagen Ameo 1.2 MPI Highline,2017,6.69,8.38,17.0,1198.0,73.75,5.0,1.6900000000000004,8,0,0,1,0,1
Volkswagen Ameo 1.2 MPI Highline,2017,7.23,8.68,17.0,1198.0,73.75,5.0,1.4499999999999993,8,0,0,1,0,1
Tata Nexon 1.2 Revotron XZ Plus,2018,9.62,11.13,17.0,1198.0,108.5,5.0,1.5100000000000016,7,0,0,1,0,1
Hyundai Verna VTVT 1.6 SX Option,2016,7.97,13.6,17.0,1591.0,121.3,5.0,5.63,9,0,0,1,0,1
Hyundai Verna VTVT 1.6 SX Option,2019,11.88,13.6,17.0,1591.0,121.3,5.0,1.7199999999999989,6,0,0,1,0,1
Hyundai Verna VTVT 1.6 AT SX Option,2018,12.85,15.14,17.0,1591.0,121.3,5.0,2.290000000000001,7,0,0,1,1,0
Volkswagen Ameo 1.2 MPI Highline,2018,7.27,8.68,17.0,1198.0,73.75,5.0,1.4100000000000001,7,0,0,1,0,1
Hyundai Verna VTVT 1.6 SX,2018,8.7,11.19,17.0,1591.0,121.3,5.0,2.49,7,0,0,1,0,1
Volkswagen Ameo 1.2 MPI Highline,2016,5.75,8.09,17.0,1198.0,73.75,5.0,2.34,9,0,0,1,0,1
Ford EcoSport 1.5 Petrol Titanium,2017,8.75,11.27,17.0,1497.0,121.36,5.0,2.5199999999999996,8,0,0,1,0,1
Ford EcoSport 1.5 Petrol Titanium,2018,9.2,11.06,17.0,1497.0,121.36,5.0,1.8600000000000012,7,0,0,1,0,1
Mini Cooper Convertible S,2016,35.0,44.28,16.82,1998.0,189.08,4.0,9.280000000000001,9,0,0,1,1,0
Mini Cooper Convertible S,2017,35.98,44.28,16.82,1998.0,189.08,4.0,8.300000000000004,8,0,0,1,1,0
Mini Cooper Convertible S,2017,35.67,44.28,16.82,1998.0,189.08,4.0,8.61,8,0,0,1,1,0
Volvo V40 D3 R Design,2015,24.0,37.9,16.8,1969.0,150.0,5.0,13.899999999999999,10,1,0,0,1,0
Mahindra Thar CRDe,2017,9.66,11.71,16.55,2498.0,105.0,6.0,2.0500000000000007,8,1,0,0,0,1
Mahindra Thar CRDe,2016,9.25,11.39,16.55,2498.0,105.0,6.0,2.1400000000000006,9,1,0,0,0,1
Honda Brio 1.2 VX AT,2017,5.99,8.05,16.5,1198.0,86.8,5.0,2.0600000000000005,8,0,0,1,1,0
Jeep Compass 2.0 Limited 4X4,2018,21.69,26.95,16.3,1956.0,170.0,5.0,5.259999999999998,7,1,0,0,0,1
Jeep Compass 2.0 Limited 4X4,2017,20.0,24.26,16.3,1956.0,170.0,5.0,4.260000000000002,8,1,0,0,0,1
Jeep Compass 2.0 Limited 4X4,2019,23.91,26.95,16.3,1956.0,170.0,5.0,3.039999999999999,6,1,0,0,0,1
Jeep Compass 2.0 Limited Option 4X4,2017,20.0,25.54,16.3,1956.0,170.0,5.0,5.539999999999999,8,1,0,0,0,1
Jeep Compass 2.0 Limited Option 4X4,2017,17.5,23.19,16.3,1956.0,170.0,5.0,5.690000000000001,8,1,0,0,0,1
Mercedes-Benz E-Class E 220 d,2018,56.5,70.55,16.1,1950.0,194.0,5.0,14.049999999999997,7,1,0,0,1,0
Volkswagen Vento 1.6 Comfortline,2017,7.1,11.48,16.09,1598.0,103.5,5.0,4.380000000000001,8,0,0,1,0,1
Volkswagen Vento 1.6 Comfortline,2018,7.64,11.48,16.09,1598.0,103.5,5.0,3.8400000000000007,7,0,0,1,0,1
Volkswagen Vento 1.6 Highline,2016,7.7,11.63,16.09,1598.0,103.5,5.0,3.9300000000000006,9,0,0,1,0,1
Honda BRV i-VTEC V CVT,2017,9.5,15.02,16.0,1497.0,117.3,7.0,5.52,8,0,0,1,1,0
Honda BRV i-VTEC V CVT,2017,9.5,15.02,16.0,1497.0,117.3,7.0,5.52,8,0,0,1,1,0
Honda BRV i-VTEC V CVT,2017,9.25,15.02,16.0,1497.0,117.3,7.0,5.77,8,0,0,1,1,0
Honda BRV i-VTEC V CVT,2017,9.48,14.65,16.0,1497.0,117.3,7.0,5.17,8,0,0,1,1,0
Jeep Compass 1.4 Limited Option,2017,17.75,23.68,16.0,1368.0,160.0,5.0,5.93,8,0,0,1,1,0
Mahindra Bolero ZLX,2016,7.21,11.15,15.96,2523.0,62.1,7.0,3.9400000000000004,9,1,0,0,0,1
Mahindra Bolero ZLX,2016,3.5,11.01,15.96,2523.0,62.1,7.0,7.51,9,1,0,0,0,1
Mahindra Bolero ZLX,2016,7.7,11.28,15.96,2523.0,62.1,7.0,3.579999999999999,9,1,0,0,0,1
Mahindra Bolero ZLX,2017,8.14,11.28,15.96,2523.0,62.1,7.0,3.139999999999999,8,1,0,0,0,1
Hyundai Creta 1.6 SX Option,2016,11.0,16.06,15.8,1591.0,121.3,5.0,5.059999999999999,9,0,0,1,0,1
Hyundai Creta 1.6 SX,2016,10.9,13.74,15.8,1591.0,121.3,5.0,2.84,9,0,0,1,0,1
Hyundai Creta 1.6 SX,2018,13.2,14.72,15.8,1591.0,121.3,5.0,1.5200000000000014,7,0,0,1,0,1
Hyundai Creta 1.6 SX Option,2016,10.25,16.36,15.8,1591.0,121.3,5.0,6.109999999999999,9,0,0,1,0,1
Hyundai Creta 1.6 SX,2018,11.78,15.36,15.8,1591.0,121.3,5.0,3.58,7,0,0,1,0,1
Hyundai Creta 1.6 SX Option,2018,12.13,16.06,15.8,1591.0,121.3,5.0,3.929999999999998,7,0,0,1,0,1
Hyundai Creta 1.6 SX Option Executive,2018,13.25,17.7,15.8,1591.0,121.3,5.0,4.449999999999999,7,0,0,1,0,1
Hyundai Creta 1.6 SX,2016,8.0,14.84,15.8,1591.0,121.3,5.0,6.84,9,0,0,1,0,1
Hyundai Creta 1.6 SX Option,2017,11.31,15.86,15.8,1591.0,121.3,5.0,4.549999999999999,8,0,0,1,0,1
Hyundai Creta 1.6 SX,2016,9.7,14.23,15.8,1591.0,121.3,5.0,4.530000000000001,9,0,0,1,0,1
Land Rover Range Rover Evoque 2.0 TD4 HSE Dynamic,2016,42.0,74.49,15.68,1999.0,177.0,5.0,32.489999999999995,9,1,0,0,1,0
Land Rover Range Rover Evoque 2.0 TD4 HSE Dynamic,2018,59.72,75.12,15.68,1999.0,177.0,5.0,15.400000000000006,7,1,0,0,1,0
Mercedes-Benz A Class A180 Sport,2016,17.25,34.63,15.5,1595.0,122.0,5.0,17.380000000000003,9,0,0,1,1,0
Skoda Rapid 1.6 MPI Ambition,2019,9.66,12.44,15.41,1598.0,103.52,5.0,2.7799999999999994,6,0,0,1,0,1
Skoda Rapid 1.6 MPI Ambition,2015,4.68,12.02,15.41,1598.0,103.52,5.0,7.34,10,0,0,1,0,1
Honda BR-V i-VTEC S MT,2016,8.02,12.9,15.4,1497.0,117.3,7.0,4.880000000000001,9,0,0,1,0,1
Honda BRV i-VTEC V MT,2016,8.0,13.58,15.4,1497.0,117.3,7.0,5.58,9,0,0,1,0,1
Honda BR-V i-VTEC S MT,2017,8.5,12.51,15.4,1497.0,117.3,7.0,4.01,8,0,0,1,0,1
Audi A6 35 TFSI Matrix,2016,24.5,60.59,15.26,1798.0,187.74,5.0,36.09,9,0,0,1,1,0
Audi A6 35 TFSI Matrix,2018,41.5,56.97,15.26,1798.0,187.74,5.0,15.469999999999999,7,0,0,1,1,0
Audi Q3 35 TDI Quattro Premium Plus,2015,27.5,48.64,15.17,1968.0,181.0,5.0,21.14,10,1,0,0,1,0
Audi Q3 35 TDI Quattro Premium Plus,2016,28.03,48.64,15.17,1968.0,181.0,5.0,20.61,9,1,0,0,1,0
Audi Q3 35 TDI Quattro Premium Plus,2016,20.37,43.65,15.17,1968.0,181.0,5.0,23.279999999999998,9,1,0,0,1,0
Maruti Eeco 7 Seater Standard,2017,4.74,4.98,15.1,1196.0,73.0,7.0,0.2400000000000002,8,0,0,1,0,1
Maruti Eeco 7 Seater Standard,2016,4.3,4.98,15.1,1196.0,73.0,7.0,0.6800000000000006,9,0,0,1,0,1
Maruti Eeco 7 Seater Standard,2016,3.75,4.87,15.1,1196.0,73.0,7.0,1.12,9,0,0,1,0,1
Maruti Eeco 7 Seater Standard,2015,2.95,4.83,15.1,1196.0,73.0,7.0,1.88,10,0,0,1,0,1
Maruti Eeco 7 Seater Standard,2016,2.2,4.43,15.1,1196.0,73.0,7.0,2.2299999999999995,9,0,0,1,0,1
Maruti Eeco 5 Seater AC,2017,3.91,5.13,15.1,1196.0,73.0,5.0,1.2199999999999998,8,0,0,1,0,1
Mercedes-Benz CLA 200 CGI Sport,2016,24.5,41.02,15.04,1991.0,183.0,5.0,16.520000000000003,9,0,0,1,1,0
Mahindra Xylo D4,2015,5.0,11.69,14.95,2489.0,93.7,7.0,6.6899999999999995,10,1,0,0,0,1
Mahindra Xylo D4,2016,6.15,11.67,14.95,2489.0,93.7,7.0,5.52,9,1,0,0,0,1
Skoda Rapid 1.6 MPI AT Ambition,2017,8.11,13.7,14.84,1598.0,103.52,5.0,5.59,8,0,0,1,1,0
Ford EcoSport 1.5 Petrol Titanium Plus AT,2018,12.41,14.1,14.8,1497.0,121.36,5.0,1.6899999999999995,7,0,0,1,1,0
Ford EcoSport 1.5 Petrol Titanium Plus AT,2018,10.44,14.1,14.8,1497.0,121.36,5.0,3.66,7,0,0,1,1,0
Ford EcoSport 1.5 Petrol Titanium Plus AT,2017,9.99,13.23,14.8,1497.0,121.36,5.0,3.24,8,0,0,1,1,0
Audi Q7 45 TDI Quattro Premium Plus,2019,72.94,91.38,14.75,2967.0,245.0,7.0,18.439999999999998,6,1,0,0,1,0
Audi Q7 45 TDI Quattro Technology,2017,68.0,99.92,14.75,2967.0,245.0,7.0,31.92,8,1,0,0,1,0
Skoda Superb Style 1.8 TSI AT,2016,20.75,33.36,14.67,1798.0,177.46,5.0,12.61,9,0,0,1,1,0
Skoda Superb Style 1.8 TSI AT,2017,26.0,33.58,14.67,1798.0,177.46,5.0,7.579999999999998,8,0,0,1,1,0
Skoda Superb L&K 1.8 TSI AT,2019,27.3,36.15,14.67,1798.0,177.46,5.0,8.849999999999998,6,0,0,1,1,0
Skoda Superb Style 1.8 TSI AT,2016,16.81,30.19,14.67,1798.0,177.46,5.0,13.380000000000003,9,0,0,1,1,0
Skoda Superb Style 1.8 TSI AT,2017,17.08,33.36,14.67,1798.0,177.46,5.0,16.28,8,0,0,1,1,0
Skoda Superb Style 1.8 TSI AT,2016,17.85,33.36,14.67,1798.0,177.46,5.0,15.509999999999998,9,0,0,1,1,0
Hyundai Elantra 2.0 SX Option AT,2017,16.35,21.77,14.62,1999.0,149.92,5.0,5.419999999999998,8,0,0,1,1,0
Hyundai Elantra 2.0 SX Option AT,2015,9.69,23.64,14.62,1999.0,149.92,5.0,13.950000000000001,10,0,0,1,1,0
Hyundai Elantra 2.0 SX Option AT,2016,13.9,21.77,14.62,1999.0,149.92,5.0,7.869999999999999,9,0,0,1,1,0
Toyota Corolla Altis 1.8 GL,2015,10.77,23.37,14.28,1798.0,138.03,5.0,12.600000000000001,10,0,0,1,0,1
Toyota Corolla Altis 1.8 VL CVT,2018,17.49,23.25,14.28,1798.0,138.03,5.0,5.760000000000002,7,0,0,1,1,0
Toyota Corolla Altis 1.8 VL CVT,2016,11.99,25.27,14.28,1798.0,138.03,5.0,13.28,9,0,0,1,1,0
Toyota Corolla Altis 1.8 VL CVT,2018,16.95,22.37,14.28,1798.0,138.03,5.0,5.420000000000002,7,0,0,1,1,0
Toyota Corolla Altis 1.8 VL CVT,2017,18.0,23.25,14.28,1798.0,138.03,5.0,5.25,8,0,0,1,1,0
Toyota Corolla Altis 1.8 G,2016,11.5,20.48,14.28,1798.0,138.03,5.0,8.98,9,0,0,1,0,1
Toyota Fortuner 2.8 2WD MT,2015,18.9,32.45,14.24,2755.0,174.5,7.0,13.550000000000004,10,1,0,0,0,1
Toyota Fortuner 2.8 2WD MT,2019,35.82,37.17,14.24,2755.0,174.5,7.0,1.3500000000000014,6,1,0,0,0,1
Toyota Fortuner 2.8 4WD MT,2015,23.0,39.6,14.24,2755.0,174.5,7.0,16.6,10,1,0,0,0,1
Toyota Fortuner 2.8 2WD MT,2017,28.85,37.17,14.24,2755.0,174.5,7.0,8.32,8,1,0,0,0,1
Tata Safari Storme VX Varicor 400,2017,11.25,16.95,14.1,2179.0,154.0,7.0,5.699999999999999,8,1,0,0,0,1
Mahindra Xylo H4,2016,7.5,11.67,14.02,2179.0,118.3,7.0,4.17,9,1,0,0,0,1
Mahindra Xylo H4,2015,4.85,11.67,14.02,2179.0,118.3,7.0,6.82,10,1,0,0,0,1
Mahindra Xylo H4,2016,5.85,11.67,14.02,2179.0,118.3,7.0,5.82,9,1,0,0,0,1
Mahindra XUV500 W9 AT,2019,17.63,21.33,14.0,2179.0,155.0,7.0,3.6999999999999993,6,1,0,0,1,0
Mahindra XUV500 W7,2018,13.0,16.4,14.0,2179.0,155.0,7.0,3.3999999999999986,7,1,0,0,0,1
Mini Clubman Cooper S,2017,35.0,44.59,13.8,1998.0,192.0,5.0,9.590000000000003,8,0,0,1,0,1
Isuzu MUX 4WD,2017,20.0,33.68,13.8,2999.0,174.57,7.0,13.68,8,1,0,0,1,0
Mercedes-Benz GLA Class 200 Sport,2018,26.76,39.22,13.7,1991.0,183.0,5.0,12.459999999999997,7,0,0,1,1,0
Toyota Innova Crysta 2.4 VX MT 8S,2019,21.42,24.01,13.68,2393.0,147.8,8.0,2.59,6,1,0,0,0,1
Toyota Innova Crysta 2.4 ZX MT,2016,16.5,23.14,13.68,2393.0,147.8,7.0,6.640000000000001,9,1,0,0,0,1
Toyota Innova Crysta 2.4 GX MT,2016,16.5,19.37,13.68,2393.0,147.8,7.0,2.870000000000001,9,1,0,0,0,1
Toyota Innova Crysta 2.4 ZX MT,2017,18.6,25.52,13.68,2393.0,147.8,7.0,6.919999999999998,8,1,0,0,0,1
Toyota Innova Crysta 2.4 ZX MT,2017,18.75,26.45,13.68,2393.0,147.8,7.0,7.699999999999999,8,1,0,0,0,1
Toyota Innova Crysta 2.4 VX MT 8S,2019,22.55,24.01,13.68,2393.0,147.8,8.0,1.4600000000000009,6,1,0,0,0,1
Toyota Innova Crysta 2.4 GX MT 8S,2017,16.5,19.34,13.68,2393.0,147.8,8.0,2.84,8,1,0,0,0,1
Toyota Innova Crysta 2.4 VX MT,2018,19.92,22.86,13.68,2393.0,147.8,7.0,2.9399999999999977,7,1,0,0,0,1
Toyota Innova Crysta 2.4 GX MT,2017,16.5,19.37,13.68,2393.0,147.8,7.0,2.870000000000001,8,1,0,0,0,1
Toyota Innova Crysta 2.4 ZX MT,2016,20.25,25.4,13.68,2393.0,147.8,7.0,5.149999999999999,9,1,0,0,0,1
Toyota Innova Crysta 2.4 VX MT,2017,16.95,21.36,13.68,2393.0,147.8,7.0,4.41,8,1,0,0,0,1
Toyota Innova Crysta 2.4 GX MT 8S,2017,17.5,19.43,13.68,2393.0,147.8,8.0,1.9299999999999997,8,1,0,0,0,1
Toyota Innova Crysta 2.4 VX MT,2017,17.65,23.06,13.68,2393.0,147.8,7.0,5.41,8,1,0,0,0,1
Toyota Innova Crysta 2.4 ZX MT,2017,18.65,25.52,13.68,2393.0,147.8,7.0,6.870000000000001,8,1,0,0,0,1
Toyota Innova Crysta 2.4 VX MT 8S,2017,17.92,24.01,13.68,2393.0,147.8,8.0,6.09,8,1,0,0,0,1
Toyota Innova Crysta 2.4 VX MT,2017,20.4,22.87,13.68,2393.0,147.8,7.0,2.4700000000000024,8,1,0,0,0,1
Toyota Innova Crysta 2.4 VX MT,2019,22.2,23.94,13.68,2393.0,147.8,7.0,1.740000000000002,6,1,0,0,0,1
Toyota Innova Crysta 2.4 VX MT,2017,16.5,22.87,13.68,2393.0,147.8,7.0,6.370000000000001,8,1,0,0,0,1
Toyota Innova Crysta 2.4 VX MT,2016,17.11,23.06,13.68,2393.0,147.8,7.0,5.949999999999999,9,1,0,0,0,1
Toyota Innova Crysta 2.4 ZX MT,2018,18.39,26.45,13.68,2393.0,147.8,7.0,8.059999999999999,7,1,0,0,0,1
Jaguar XE 2.0L Diesel Prestige,2017,38.0,53.41,13.6,1999.0,177.0,5.0,15.409999999999997,8,1,0,0,1,0
Jaguar XE 2.0L Diesel Prestige,2018,40.0,52.77,13.6,1999.0,177.0,5.0,12.770000000000003,7,1,0,0,1,0
Mitsubishi Pajero Sport 4X4,2015,16.42,34.6,13.5,2477.0,175.56,7.0,18.18,10,1,0,0,0,1
Jaguar XE Portfolio,2017,34.5,53.72,13.5,1999.0,246.74,5.0,19.22,8,0,0,1,1,0
Mitsubishi Pajero Sport 4X2 AT DualTone BlackTop,2018,28.0,33.91,13.5,2477.0,175.56,7.0,5.909999999999997,7,1,0,0,1,0
Ford Mustang V8,2018,56.8,83.92,13.0,4951.0,395.0,4.0,27.120000000000005,7,0,0,1,1,0
Hyundai Tucson 2.0 Dual VTVT 2WD AT GL,2016,17.75,25.75,12.95,1999.0,152.88,5.0,8.0,9,0,0,1,1,0
Toyota Fortuner 2.8 2WD AT,2019,33.13,37.38,12.9,2755.0,174.5,7.0,4.25,6,1,0,0,1,0
Toyota Fortuner 2.8 2WD AT,2016,22.5,34.45,12.9,2755.0,174.5,7.0,11.950000000000003,9,1,0,0,1,0
Toyota Fortuner 2.8 2WD AT,2017,31.0,38.11,12.9,2755.0,174.5,7.0,7.109999999999999,8,1,0,0,1,0
Toyota Fortuner 2.8 2WD AT,2017,30.0,37.38,12.9,2755.0,174.5,7.0,7.380000000000003,8,1,0,0,1,0
Toyota Fortuner 2.8 2WD AT,2019,30.85,34.45,12.9,2755.0,174.5,7.0,3.6000000000000014,6,1,0,0,1,0
Toyota Fortuner 2.8 2WD AT,2017,30.0,34.45,12.9,2755.0,174.5,7.0,4.450000000000003,8,1,0,0,1,0
Land Rover Discovery Sport TD4 HSE 7S,2017,41.5,66.39,12.81,1999.0,148.31,7.0,24.89,8,1,0,0,1,0
Land Rover Discovery Sport TD4 HSE 7S,2019,56.14,69.22,12.81,1999.0,148.31,7.0,13.079999999999998,6,1,0,0,1,0
Ford Endeavour Titanium 4X2,2019,27.36,35.29,12.62,2198.0,158.0,7.0,7.93,6,1,0,0,0,1
Mercedes-Benz E-Class E 220 d,2018,51.35,86.97,12.6,1950.0,191.34,5.0,35.62,7,0,0,1,1,0
Mercedes-Benz E-Class E 220 d,2018,51.43,86.97,12.6,1950.0,191.34,5.0,35.54,7,0,0,1,1,0
Mercedes-Benz GLE 350d,2017,64.87,95.13,11.57,2987.0,254.79,5.0,30.25999999999999,8,1,0,0,1,0
Mercedes-Benz GLE 350d,2016,65.0,92.79,11.57,2987.0,254.79,5.0,27.790000000000006,9,1,0,0,1,0
Mercedes-Benz GLE 350d,2017,64.95,91.23,11.57,2987.0,254.79,5.0,26.28,8,1,0,0,1,0
Mercedes-Benz GLE 350d,2018,70.8,95.13,11.57,2987.0,254.79,5.0,24.33,7,1,0,0,1,0
Mercedes-Benz GLE 350d,2016,60.75,95.13,11.57,2987.0,254.79,5.0,34.379999999999995,9,1,0,0,1,0
Mercedes-Benz GLE 350d,2017,61.29,95.13,11.57,2987.0,254.79,5.0,33.839999999999996,8,1,0,0,1,0
Mercedes-Benz GLE 350d,2018,59.65,95.13,11.57,2987.0,254.79,5.0,35.48,7,1,0,0,1,0
Mercedes-Benz GLE 350d,2018,59.29,95.13,11.57,2987.0,254.79,5.0,35.839999999999996,7,1,0,0,1,0
Mercedes-Benz GLC 43 AMG Coupe,2018,70.99,95.38,11.5,2996.0,367.0,5.0,24.39,7,0,0,1,1,0
Toyota Innova Crysta 2.8 GX AT,2019,19.4,20.74,11.36,2755.0,171.5,7.0,1.3399999999999999,6,1,0,0,1,0
Toyota Innova Crysta 2.8 ZX AT,2016,19.5,26.95,11.36,2755.0,171.5,7.0,7.449999999999999,9,1,0,0,1,0
Toyota Innova Crysta 2.8 GX AT,2019,19.65,20.74,11.36,2755.0,171.5,7.0,1.0899999999999999,6,1,0,0,1,0
Toyota Innova Crysta 2.8 ZX AT,2016,18.0,24.63,11.36,2755.0,171.5,7.0,6.629999999999999,9,1,0,0,1,0
Toyota Innova Crysta 2.8 ZX AT,2019,24.82,28.05,11.36,2755.0,171.5,7.0,3.2300000000000004,6,1,0,0,1,0
Toyota Innova Crysta 2.8 ZX AT,2017,19.25,27.0,11.36,2755.0,171.5,7.0,7.75,8,1,0,0,1,0
Toyota Innova Crysta 2.8 GX AT 8S,2016,17.5,21.0,11.36,2755.0,171.5,8.0,3.5,9,1,0,0,1,0
Toyota Innova Crysta 2.8 GX AT,2017,18.36,20.74,11.36,2755.0,171.5,7.0,2.379999999999999,8,1,0,0,1,0
Toyota Innova Crysta 2.8 ZX AT,2016,15.49,24.82,11.36,2755.0,171.5,7.0,9.33,9,1,0,0,1,0
Toyota Innova Crysta 2.8 GX AT,2016,17.0,19.21,11.36,2755.0,171.5,7.0,2.210000000000001,9,1,0,0,1,0
Toyota Innova Crysta 2.8 ZX AT,2016,19.6,26.55,11.36,2755.0,171.5,7.0,6.949999999999999,9,1,0,0,1,0
Toyota Innova Crysta 2.8 ZX AT,2017,20.5,28.05,11.36,2755.0,171.5,7.0,7.550000000000001,8,1,0,0,1,0
Toyota Innova Crysta 2.8 ZX AT,2017,20.14,28.05,11.36,2755.0,171.5,7.0,7.91,8,1,0,0,1,0
Toyota Innova Crysta 2.8 GX AT 8S,2017,18.25,20.8,11.36,2755.0,171.5,8.0,2.5500000000000007,8,1,0,0,1,0
Toyota Innova Crysta 2.8 GX AT 8S,2016,16.45,21.1,11.36,2755.0,171.5,8.0,4.650000000000002,9,1,0,0,1,0
Toyota Innova Crysta 2.8 GX AT,2018,18.0,20.97,11.36,2755.0,171.5,7.0,2.969999999999999,7,1,0,0,1,0
Toyota Innova Crysta 2.8 ZX AT,2017,22.99,26.56,11.36,2755.0,171.5,7.0,3.5700000000000003,8,1,0,0,1,0
Toyota Innova Crysta 2.8 ZX AT,2017,19.97,26.55,11.36,2755.0,171.5,7.0,6.580000000000002,8,1,0,0,1,0
Toyota Innova Crysta 2.8 ZX AT,2016,19.0,27.07,11.36,2755.0,171.5,7.0,8.07,9,1,0,0,1,0
Toyota Innova Crysta 2.8 ZX AT,2016,19.75,26.56,11.36,2755.0,171.5,7.0,6.809999999999999,9,1,0,0,1,0
Toyota Innova Crysta 2.8 GX AT,2019,19.64,20.74,11.36,2755.0,171.5,7.0,1.0999999999999979,6,1,0,0,1,0
Toyota Innova Crysta 2.8 ZX AT,2018,19.92,27.0,11.36,2755.0,171.5,7.0,7.079999999999998,7,1,0,0,1,0
Toyota Innova Crysta 2.8 ZX AT,2016,20.5,28.05,11.36,2755.0,171.5,7.0,7.550000000000001,9,1,0,0,1,0
Mercedes-Benz E-Class E400 Cabriolet,2015,48.0,87.57,10.0,2996.0,333.0,4.0,39.56999999999999,10,0,0,1,1,0
Mercedes-Benz C-Class Progressive C 220d,2019,35.67,49.14,0.0,1950.0,194.0,5.0,13.469999999999999,6,1,0,0,1,0
Mercedes-Benz New C-Class Progressive C 200,2019,38.99,49.49,0.0,1950.0,181.43,5.0,10.5,6,0,0,1,1,0
Mercedes-Benz C-Class Progressive C 220d,2018,39.5,52.26,0.0,1950.0,194.0,5.0,12.759999999999998,7,1,0,0,1,0
Mercedes-Benz C-Class Progressive C 220d,2019,35.0,49.14,0.0,1950.0,194.0,5.0,14.14,6,1,0,0,1,0
